year,class,index,label
1995,AM,1.000,AM
1995,AP,0.888,AP
1995,AS,0.830,AS
1995,ASP,0.856,ASP
1995,BM,0.958,BM
1995,BP,0.885,BP
1995,BS,0.818,BS
1995,BSP,0.846,BSP
1995,CM,0.934,CM
1995,CP,0.860,CP
1995,CS,0.814,CS
1995,CSP,0.853,CSP
1995,DM,0.904,DM
1995,DP,0.869,DP
1995,DS,0.800,DS
1995,DSP,0.834,DSP
1995,EM,0.916,EM
1995,EP,0.872,EP
1995,ES,0.792,ES
1995,ESP,0.838,ESP
1995,FP,0.881,FP
1995,FS,0.816,FS
1995,GS,0.796,GS
1995,HS,0.788,HS
1995,SS,0.842,SS
1996,AM,1.000,AM
1996,AP,0.891,AP
1996,AS,0.831,AS
1996,ASP,0.865,ASP
1996,BM,0.970,BM
1996,BP,0.888,BP
1996,BS,0.828,BS
1996,BSP,0.856,BSP
1996,CM,0.940,CM
1996,CP,0.869,CP
1996,CS,0.823,CS
1996,CSP,0.860,CSP
1996,DM,0.913,DM
1996,DP,0.874,DP
1996,DS,0.809,DS
1996,DSP,0.844,DSP
1996,EM,0.927,EM
1996,EP,0.878,EP
1996,ES,0.798,ES
1996,ESP,0.846,ESP
1996,FM,0.911,FM
1996,FP,0.885,FP
1996,FS,0.826,FS
1996,GS,0.805,GS
1996,HS,0.795,HS
1996,SS,0.850,SS
1997,AM,1.000,AM
1997,AP,0.888,AP
1997,AS,0.831,AS
1997,ASP,0.860,ASP
1997,BM,0.965,BM
1997,BP,0.884,BP
1997,BS,0.826,BS
1997,BSP,0.851,BSP
1997,CM,0.934,CM
1997,CP,0.865,CP
1997,CS,0.814,CS
1997,CSP,0.854,CSP
1997,DM,0.910,DM
1997,DP,0.870,DP
1997,DS,0.808,DS
1997,DSP,0.838,DSP
1997,EM,0.922,EM
1997,EP,0.874,EP
1997,ES,0.798,ES
1997,ESP,0.840,ESP
1997,FM,0.907,FM
1997,FS,0.823,FS
1997,GS,0.803,GS
1997,HS,0.794,HS
1997,SS,0.847,SS
1998,AM,1.000,AM
1998,AP,0.880,AP
1998,AS,0.822,AS
1998,ASP,0.850,ASP
1998,BM,0.960,BM
1998,BP,0.876,BP
1998,BS,0.816,BS
1998,BSP,0.843,BSP
1998,CM,0.926,CM
1998,CP,0.858,CP
1998,CS,0.806,CS
1998,CSP,0.846,CSP
1998,DM,0.900,DM
1998,DP,0.862,DP
1998,DS,0.801,DS
1998,DSP,0.832,DSP
1998,EM,0.912,EM
1998,EP,0.872,EP
1998,ES,0.787,ES
1998,ESP,0.830,ESP
1998,F125,0.955,F125
1998,FM,0.898,FM
1998,FS,0.814,FS
1998,GS,0.796,GS
1998,HS,0.785,HS
1998,SS,0.836,SS
1998,T-1,0.818,T-1
1998,T-2,0.813,T-2
1998,T-3,0.829,T-3
1999,AM,1.000,AM
1999,AP,0.870,AP
1999,AS,0.812,AS
1999,ASP,0.842,ASP
1999,BM,0.951,BM
1999,BP,0.867,BP
1999,BS,0.808,BS
1999,BSP,0.835,BSP
1999,CM,0.917,CM
1999,CP,0.850,CP
1999,CS,0.798,CS
1999,CSP,0.838,CSP
1999,DM,0.893,DM
1999,DP,0.852,DP
1999,DS,0.796,DS
1999,DSP,0.820,DSP
1999,EM,0.903,EM
1999,EP,0.865,EP
1999,ES,0.780,ES
1999,ESP,0.823,ESP
1999,F125,0.941,F125
1999,FJr,0.854,FJr
1999,FM,0.895,FM
1999,FS,0.807,FS
1999,GS,0.789,GS
1999,HS,0.781,HS
1999,SS,0.827,SS
1999,ST,0.774,ST
1999,STR,0.814,STR
1999,STU,0.824,STU
2000,AM,1.000,AM
2000,AP,0.872,AP
2000,AS,0.814,AS
2000,ASP,0.844,ASP
2000,BM,0.953,BM
2000,BP,0.865,BP
2000,BS,0.810,BS
2000,BSP,0.837,BSP
2000,CM,0.919,CM
2000,CP,0.852,CP
2000,CS,0.800,CS
2000,CSP,0.840,CSP
2000,DM,0.895,DM
2000,DP,0.851,DP
2000,DS,0.798,DS
2000,DSP,0.822,DSP
2000,EM,0.905,EM
2000,EP,0.867,EP
2000,ES,0.784,ES
2000,ESP,0.825,ESP
2000,F125,0.943,F125
2000,FJr,0.836,FJr
2000,FM,0.897,FM
2000,FP,0.868,FP
2000,FS,0.809,FS
2000,FSP,0.820,FSP
2000,GS,0.794,GS
2000,HS,0.779,HS
2000,SM,0.842,SM
2000,SS,0.829,SS
2000,STR,0.816,STR
2000,STS,0.776,STS
2001,AM,1.000,AM
2001,AP,0.872,AP
2001,AS,0.820,AS
2001,ASP,0.845,ASP
2001,BM,0.952,BM
2001,BP,0.865,BP
2001,BS,0.812,BS
2001,BSP,0.838,BSP
2001,CM,0.919,CM
2001,CP,0.852,CP
2001,CS,0.802,CS
2001,CSP,0.840,CSP
2001,DM,0.895,DM
2001,DP,0.851,DP
2001,DS,0.796,DS
2001,DSP,0.822,DSP
2001,EM,0.905,EM
2001,EP,0.867,EP
2001,ES,0.784,ES
2001,ESP,0.825,ESP
2001,F125,0.933,F125
2001,FJr,0.818,FJr
2001,FM,0.897,FM
2001,FP,0.868,FP
2001,FS,0.809,FS
2001,FSP,0.816,FSP
2001,GS,0.794,GS
2001,HS,0.779,HS
2001,SM,0.836,SM
2001,SS,0.829,SS
2001,STR,0.815,STR
2001,STS,0.782,STS
2002,AM,1.000,AM
2002,AP,0.874,AP
2002,AS,0.828,AS
2002,ASP,0.846,ASP
2002,BM,0.951,BM
2002,BP,0.867,BP
2002,BS,0.827,BS
2002,BSP,0.840,BSP
2002,CM,0.919,CM
2002,CP,0.854,CP
2002,CS,0.812,CS
2002,CSP,0.842,CSP
2002,DM,0.894,DM
2002,DP,0.849,DP
2002,DS,0.798,DS
2002,DSP,0.820,DSP
2002,EM,0.904,EM
2002,EP,0.868,EP
2002,ES,0.802,ES
2002,ESP,0.826,ESP
2002,F125,0.932,F125
2002,FJr,0.815,FJr
2002,FM,0.897,FM
2002,FP,0.865,FP
2002,FS,0.809,FS
2002,FSP,0.817,FSP
2002,GS,0.785,GS
2002,HS,0.779,HS
2002,SFJr,0.774,SFJr
2002,SM,0.834,SM
2002,SM2,0.856,SM2
2002,SS,0.836,SS
2002,STS,0.784,STS
2002,STX,0.801,STX
2003,AM,1.000,AM
2003,AP,0.871,AP
2003,AS,0.828,AS
2003,ASP,0.846,ASP
2003,BM,0.946,BM
2003,BP,0.865,BP
2003,BS,0.825,BS
2003,BSP,0.840,BSP
2003,CM,0.916,CM
2003,CP,0.853,CP
2003,CS,0.814,CS
2003,CSP,0.839,CSP
2003,DM,0.891,DM
2003,DP,0.845,DP
2003,DS,0.795,DS
2003,DSP,0.818,DSP
2003,EM,0.899,EM
2003,EP,0.863,EP
2003,ES,0.804,ES
2003,ESP,0.826,ESP
2003,F125,0.938,F125
2003,FJr,0.820,FJr
2003,FM,0.894,FM
2003,FP,0.861,FP
2003,FS,0.806,FS
2003,FSP,0.815,FSP
2003,GS,0.782,GS
2003,HS,0.778,HS
2003,SFJr,0.774,SFJr
2003,SM,0.834,SM
2003,SM2,0.851,SM2
2003,SS,0.837,SS
2003,STS,0.784,STS
2003,STX,0.798,STX
2004,AM,1.000,AM
2004,AP,0.868,AP
2004,AS,0.828,AS
2004,ASP,0.848,ASP
2004,BM,0.945,BM
2004,BP,0.863,BP
2004,BS,0.826,BS
2004,BSP,0.839,BSP
2004,CM,0.913,CM
2004,CP,0.854,CP
2004,CS,0.811,CS
2004,CSP,0.837,CSP
2004,DM,0.886,DM
2004,DP,0.844,DP
2004,DS,0.794,DS
2004,DSP,0.819,DSP
2004,EM,0.894,EM
2004,EP,0.861,EP
2004,ES,0.804,ES
2004,ESP,0.824,ESP
2004,F125,0.938,F125
2004,FJ1,0.785,FJ1
2004,FJ2,0.792,FJ2
2004,FJ3,0.825,FJ3
2004,FJ4,0.834,FJ4
2004,FM,0.889,FM
2004,FP,0.862,FP
2004,FS,0.803,FS
2004,FSAE,0.960,FSAE
2004,FSP,0.813,FSP
2004,GS,0.781,GS
2004,HS,0.776,HS
2004,SM,0.838,SM
2004,SM2,0.849,SM2
2004,SS,0.836,SS
2004,STS,0.791,STS
2004,STS2,0.810,STS2
2004,STU,0.827,STU
2004,STX,0.795,STX
2005,AM,1.000,AM
2005,AP,0.865,AP
2005,AS,0.828,AS
2005,ASP,0.850,ASP
2005,BM,0.942,BM
2005,BP,0.861,BP
2005,BS,0.821,BS
2005,BSP,0.839,BSP
2005,CM,0.908,CM
2005,CP,0.855,CP
2005,CS,0.810,CS
2005,CSP,0.838,CSP
2005,DM,0.879,DM
2005,DP,0.844,DP
2005,DS,0.796,DS
2005,DSP,0.822,DSP
2005,EM,0.886,EM
2005,EP,0.858,EP
2005,ES,0.806,ES
2005,ESP,0.826,ESP
2005,F125,0.939,F125
2005,FJ1,0.781,FJ1
2005,FJ2,0.797,FJ2
2005,FJ3,0.823,FJ3
2005,FJ4,0.832,FJ4
2005,FM,0.884,FM
2005,FP,0.862,FP
2005,FS,0.805,FS
2005,FSAE,0.948,FSAE
2005,FSP,0.811,FSP
2005,GS,0.782,GS
2005,HS,0.777,HS
2005,SM,0.842,SM
2005,SM2,0.852,SM2
2005,SS,0.837,SS
2005,STS,0.799,STS
2005,STS2,0.803,STS2
2005,STU,0.818,STU
2005,STX,0.802,STX
2006,AM,1.000,AM
2006,AS,0.831,AS
2006,ASP,0.852,ASP
2006,BM,0.944,BM
2006,BP,0.862,BP
2006,BS,0.822,BS
2006,BSP,0.843,BSP
2006,CM,0.909,CM
2006,CP,0.856,CP
2006,CS,0.813,CS
2006,CSP,0.838,CSP
2006,DM,0.885,DM
2006,DP,0.853,DP
2006,DS,0.798,DS
2006,DSP,0.829,DSP
2006,EM,0.881,EM
2006,EP,0.858,EP
2006,ES,0.806,ES
2006,ESP,0.828,ESP
2006,F125,0.937,F125
2006,FJ1,0.781,FJ1
2006,FJ2,0.796,FJ2
2006,FJ3,0.830,FJ3 (FJB)
2006,FJ4,0.837,FJ4 (FJA)
2006,FM,0.887,FM
2006,FP,0.863,FP
2006,FS,0.805,FS
2006,FSAE,0.948,FSAE
2006,FSP,0.814,FSP
2006,GP,0.844,GP
2006,GS,0.794,GS
2006,HS,0.780,HS
2006,SM,0.845,SM
2006,SM2,0.854,SM2
2006,SS,0.840,SS
2006,STS,0.797,STS
2006,STS2,0.802,STS2
2006,STU,0.820,STU
2006,STX,0.804,STX
2006,XP,0.868,XP
2007,AM,1.000,AM
2007,AS,0.838,AS
2007,ASP,0.858,ASP
2007,BM,0.944,BM
2007,BP,0.866,BP
2007,BS,0.828,BS
2007,BSP,0.853,BSP
2007,CM,0.909,CM
2007,CP,0.864,CP
2007,CS,0.822,CS
2007,CSP,0.845,CSP
2007,DM,0.889,DM
2007,DP,0.860,DP
2007,DS,0.804,DS
2007,DSP,0.836,DSP
2007,EM,0.879,EM
2007,EP,0.863,EP
2007,ES,0.812,ES
2007,ESP,0.834,ESP
2007,F125,0.946,F125
2007,FJ1,0.790,FJ1
2007,FJ2,0.800,FJ2
2007,FJ3,0.833,FJ3 (FJB)
2007,FJ4,0.851,FJ4 (FJA)
2007,FM,0.890,FM
2007,FP,0.868,FP
2007,FS,0.809,FS
2007,FSAE,0.949,FSAE
2007,FSP,0.823,FSP
2007,GP,0.847,GP
2007,GS,0.803,GS
2007,HS,0.789,HS
2007,SM,0.856,SM
2007,SM2,0.862,SM2
2007,SS,0.848,SS
2007,STS,0.805,STS
2007,STS2,0.806,STS2
2007,STU,0.821,STU
2007,STX,0.808,STX
2007,XP,0.874,XP
2008,AM,1.000,AM
2008,AS,0.842,AS
2008,ASP,0.862,ASP
2008,BM,0.937,BM
2008,BP,0.866,BP
2008,BS,0.832,BS
2008,BSP,0.858,BSP
2008,CM,0.904,CM
2008,CP,0.864,CP
2008,CS,0.831,CS
2008,CSP,0.856,CSP
2008,DM,0.890,DM
2008,DP,0.863,DP
2008,DS,0.812,DS
2008,DSP,0.843,DSP
2008,EM,0.887,EM
2008,EP,0.861,EP
2008,ES,0.817,ES
2008,ESP,0.841,ESP
2008,F125,0.948,F125
2008,FJA,0.855,FJA
2008,FJB,0.828,FJB
2008,FJC,0.770,FJC
2008,FM,0.895,FM
2008,FP,0.872,FP
2008,FS,0.821,FS
2008,FSAE,0.946,FSAE
2008,FSP,0.833,FSP
2008,GP,0.847,GP
2008,GS,0.815,GS
2008,HS,0.792,HS
2008,SM,0.860,SM
2008,SM2,0.867,SM2
2008,SS,0.852,SS
2008,STS,0.816,STS
2008,STS2,0.818,STS2
2008,STU,0.830,STU
2008,STX,0.820,STX
2008,XP,0.882,XP
2009,AM,1.000,AM
2009,AS,0.843,AS
2009,ASP,0.866,ASP
2009,BM,0.944,BM
2009,BP,0.868,BP
2009,BS,0.835,BS
2009,BSP,0.859,BSP
2009,CM,0.907,CM
2009,CP,0.864,CP
2009,CS,0.837,CS
2009,CSP,0.862,CSP
2009,DM,0.900,DM
2009,DP,0.865,DP
2009,DS,0.819,DS
2009,DSP,0.845,DSP
2009,EM,0.894,EM
2009,EP,0.861,EP
2009,ES,0.823,ES
2009,ESP,0.846,ESP
2009,F125,0.957,F125
2009,FJA,0.860,FJA
2009,FJB,0.832,FJB
2009,FJC,0.778,FJC
2009,FM,0.903,FM
2009,FP,0.872,FP
2009,FS,0.833,FS
2009,FSAE,0.954,FSAE
2009,FSP,0.831,FSP
2009,GP,0.841,GP
2009,GS,0.821,GS
2009,HS,0.802,HS
2009,SM,0.867,SM
2009,SS,0.856,SS
2009,SSM,0.876,SSM (SM2)
2009,ST,0.818,ST (STS)
2009,STS,0.820,STS (STS2)
2009,STU,0.836,STU
2009,STX,0.822,STX
2009,XP,0.882,XP
2010,AM,1.000,AM
2010,AS,0.854,AS*
2010,ASP,0.871,ASP
2010,BM,0.965,BM
2010,BP,0.875,BP
2010,BS,0.847,BS*
2010,BSP,0.865,BSP
2010,CM,0.915,CM
2010,CP,0.866,CP
2010,CS,0.840,CS*
2010,CSP,0.863,CSP
2010,DM,0.913,DM
2010,DP,0.874,DP
2010,DS,0.825,DS
2010,DSP,0.849,DSP
2010,EM,0.907,EM
2010,EP,0.873,EP
2010,ES,0.829,ES
2010,ESP,0.852,ESP
2010,F125,0.959,F125
2010,FJA,0.869,FJA
2010,FJB,0.834,FJB
2010,FJC,0.772,FJC
2010,FM,0.908,FM
2010,FP,0.876,FP
2010,FS,0.837,FS
2010,FSAE,0.960,FSAE
2010,FSP,0.838,FSP
2010,GP,0.850,GP
2010,GS,0.812,GS
2010,HS,0.803,HS
2010,SM,0.877,SM
2010,SMF,0.870,SMF*
2010,SS,0.860,SS
2010,SSM,0.883,SSM
2010,ST,0.824,ST
2010,STR,0.842,STR*
2010,STS,0.826,STS
2010,STU,0.844,STU
2010,STX,0.830,STX
2010,XP,0.890,XP
2011,AM,1.000,AM
2011,AS,0.841,AS
2011,ASP,0.862,ASP
2011,BM,0.958,BM
2011,BP,0.870,BP
2011,BS,0.839,BS
2011,BSP,0.859,BSP
2011,CM,0.906,CM
2011,CP,0.860,CP
2011,CS,0.833,CS
2011,CSP,0.858,CSP
2011,DM,0.905,DM
2011,DP,0.867,DP
2011,DS,0.817,DS
2011,DSP,0.844,DSP
2011,EM,0.910,EM
2011,EP,0.863,EP
2011,ES,0.825,ES
2011,ESP,0.846,ESP
2011,F125,0.952,F125
2011,FJA,0.866,FJA
2011,FJB,0.826,FJB
2011,FJC,0.755,FJC
2011,FM,0.904,FM
2011,FP,0.872,FP
2011,FS,0.827,FS
2011,FSAE,0.981,FSAE
2011,FSP,0.835,FSP
2011,GP,0.837,GP
2011,GS,0.809,GS
2011,HS,0.791,HS
2011,SM,0.869,SM
2011,SMF,0.855,SMF
2011,SS,0.857,SS
2011,SSM,0.875,SSM
2011,ST,0.820,ST
2011,STR,0.836,STR
2011,STS,0.823,STS
2011,STU,0.838,STU
2011,STX,0.824,STX
2011,XP,0.887,XP
2012,AM,1.000,AM
2012,AS,0.844,AS
2012,ASP,0.863,ASP
2012,BM,0.960,BM
2012,BP,0.873,BP
2012,BS,0.843,BS
2012,BSP,0.859,BSP
2012,CM,0.906,CM
2012,CP,0.860,CP
2012,CS,0.833,CS
2012,CSP,0.857,CSP
2012,DM,0.915,DM
2012,DP,0.868,DP
2012,DS,0.821,DS
2012,DSP,0.851,DSP
2012,EM,0.928,EM
2012,EP,0.870,EP
2012,ES,0.828,ES
2012,ESP,0.848,ESP
2012,FM,0.913,FM
2012,FP,0.875,FP
2012,FS,0.825,FS
2012,FSAE,0.989,FSAE
2012,FSP,0.838,FSP
2012,GP,0.850,GP
2012,GS,0.814,GS
2012,HS,0.799,HS
2012,JA,0.876,JA
2012,JB,0.834,JB
2012,JC,0.747,JC
2012,KM,0.952,KM
2012,SM,0.866,SM
2012,SMF,0.852,SMF
2012,SS,0.858,SS
2012,SSM,0.879,SSM
2012,SSP,0.865,SSP
2012,STC,0.820,STC
2012,STF,0.794,STF
2012,STR,0.835,STR
2012,STS,0.827,STS
2012,STU,0.841,STU
2012,STX,0.822,STX
2012,XP,0.898,XP
2013,AM,1.000,AM
2013,AS,0.847,AS
2013,ASP,0.866,ASP
2013,BM,0.962,BM
2013,BP,0.878,BP
2013,BS,0.845,BS
2013,BSP,0.858,BSP
2013,CM,0.910,CM
2013,CP,0.862,CP
2013,CS,0.834,CS
2013,CSP,0.861,CSP
2013,DM,0.918,DM
2013,DP,0.874,DP
2013,DS,0.826,DS
2013,DSP,0.855,DSP
2013,EM,0.928,EM
2013,EP,0.875,EP
2013,ES,0.828,ES
2013,ESP,0.849,ESP
2013,FM,0.917,FM
2013,FP,0.877,FP
2013,FS,0.830,FS
2013,FSAE,0.989,FSAE
2013,FSP,0.838,FSP
2013,GP,0.850,GP
2013,GS,0.816,GS
2013,HS,0.804,HS
2013,JA,0.879,JA
2013,JB,0.842,JB
2013,JC,0.743,JC
2013,KM,0.955,KM
2013,SM,0.867,SM
2013,SMF,0.852,SMF
2013,SS,0.859,SS
2013,SSM,0.881,SSM
2013,SSP,0.871,SSP
2013,STC,0.824,STC
2013,STF,0.795,STF
2013,STR,0.839,STR
2013,STS,0.829,STS
2013,STU,0.846,STU
2013,STX,0.827,STX
2013,XP,0.901,XP
2014,AM,1.000,AM
2014,AS,0.833,AS
2014,ASP,0.866,ASP
2014,ASR,0.848,ASR
2014,BM,0.965,BM
2014,BP,0.881,BP
2014,BS,0.831,BS
2014,BSP,0.863,BSP
2014,BSR,0.845,BSR
2014,CM,0.922,CM
2014,CP,0.864,CP
2014,CS,0.821,CS
2014,CSP,0.861,CSP
2014,CSR,0.834,CSR
2014,DM,0.920,DM
2014,DP,0.879,DP
2014,DS,0.815,DS
2014,DSP,0.855,DSP
2014,DSR,0.825,DSR
2014,EM,0.926,EM
2014,EP,0.876,EP
2014,ES,0.814,ES
2014,ESP,0.849,ESP
2014,ESR,0.828,ESR
2014,FM,0.924,FM
2014,FP,0.883,FP
2014,FS,0.818,FS
2014,FSAE,0.989,FSAE
2014,FSP,0.839,FSP
2014,FSR,0.830,FSR
2014,GP,0.850,GP
2014,GS,0.806,GS
2014,GSR,0.812,GSR
2014,HS,0.797,HS
2014,HSR,0.804,HSR
2014,JA,0.880,JA
2014,JB,0.842,JB
2014,JC,0.741,JC
2014,KM,0.957,KM
2014,SM,0.870,SM
2014,SMF,0.851,SMF
2014,SS,0.843,SS
2014,SSM,0.882,SSM
2014,SSP,0.872,SSP
2014,SSR,0.860,SSR
2014,STC,0.824,STC
2014,STF,0.801,STF
2014,STR,0.838,STR
2014,STS,0.829,STS
2014,STU,0.846,STU
2014,STX,0.827,STX
2014,XP,0.906,XP
2015,AM,1.000,AM
2015,AS,0.829,AS
2015,ASP,0.865,ASP
2015,BM,0.964,BM
2015,BP,0.881,BP
2015,BS,0.826,BS
2015,BSP,0.863,BSP
2015,CAM-C,0.830,CAM-C
2015,CAM-S,0.836,CAM-S
2015,CAM-T,0.825,CAM-T
2015,CM,0.919,CM
2015,CP,0.864,CP
2015,CS,0.814,CS
2015,CSP,0.861,CSP
2015,DM,0.918,DM
2015,DP,0.879,DP
2015,DS,0.812,DS
2015,DSP,0.854,DSP
2015,EM,0.922,EM
2015,EP,0.874,EP
2015,ES,0.808,ES
2015,ESP,0.849,ESP
2015,FM,0.926,FM
2015,FP,0.880,FP
2015,FS,0.810,FS
2015,FSAE,0.984,FSAE
2015,FSP,0.840,FSP
2015,GS,0.806,GS
2015,HS,0.796,HS
2015,JA,0.878,JA
2015,JB,0.842,JB
2015,JC,0.734,JC
2015,KM,0.955,KM
2015,SM,0.870,SM
2015,SMF,0.853,SMF
2015,SS,0.835,SS
2015,SSM,0.882,SSM
2015,SSP,0.871,SSP
2015,SSR,0.859,SSR
2015,STF,0.801,STF
2015,STR,0.838,STR
2015,STS,0.828,STS
2015,STU,0.844,STU
2015,STX,0.831,STX
2015,XP,0.905,XP
2016,AM,1.000,AM
2016,AS,0.833,AS
2016,ASP,0.865,ASP
2016,BM,0.966,BM
2016,BP,0.883,BP
2016,BS,0.826,BS
2016,BSP,0.863,BSP
2016,CAM-C,0.839,CAM-C
2016,CAM-S,0.848,CAM-S
2016,CAM-T,0.834,CAM-T
2016,CM,0.916,CM
2016,CP,0.864,CP
2016,CS,0.819,CS
2016,CSP,0.867,CSP
2016,DM,0.919,DM
2016,DP,0.879,DP
2016,DS,0.811,DS
2016,DSP,0.855,DSP
2016,EM,0.920,EM
2016,EP,0.871,EP
2016,ES,0.807,ES
2016,ESP,0.852,ESP
2016,FM,0.926,FM
2016,FP,0.880,FP
2016,FS,0.814,FS
2016,FSAE,0.982,FSAE
2016,FSP,0.840,FSP
2016,GS,0.806,GS
2016,HCR,0.838,HCR
2016,HCS,0.817,HCS
2016,HS,0.798,HS
2016,JA,0.878,JA
2016,JB,0.842,JB
2016,JC,0.734,JC
2016,KM,0.954,KM
2016,SM,0.870,SM
2016,SMF,0.861,SMF
2016,SS,0.835,SS
2016,SSM,0.882,SSM
2016,SSP,0.872,SSP
2016,SSR,0.860,SSR
2016,STF,0.809,STF
2016,STP,0.837,STP
2016,STR,0.841,STR
2016,STS,0.832,STS
2016,STU,0.845,STU
2016,STX,0.836,STX
2016,XP,0.907,XP
2017,AM,1.000,AM
2017,AS,0.819,AS
2017,ASP,0.856,ASP
2017,BM,0.956,BM
2017,BP,0.869,BP
2017,BS,0.813,BS
2017,BSP,0.853,BSP
2017,CAM-C,0.823,CAM-C
2017,CAM-S,0.838,CAM-S
2017,CAM-T,0.817,CAM-T
2017,CM,0.901,CM
2017,CP,0.854,CP
2017,CS,0.810,CS
2017,CSP,0.860,CSP
2017,DM,0.906,DM
2017,DP,0.865,DP
2017,DS,0.801,DS
2017,DSP,0.842,DSP
2017,EM,0.905,EM
2017,EP,0.859,EP
2017,ES,0.794,ES
2017,ESP,0.837,ESP
2017,FM,0.916,FM
2017,FP,0.873,FP
2017,FS,0.804,FS
2017,FSAE,0.966,FSAE
2017,FSP,0.829,FSP
2017,GS,0.793,GS
2017,HCR,0.825,HCR
2017,HCS,0.809,HCS
2017,HS,0.786,HS
2017,JA,0.864,JA
2017,JB,0.834,JB
2017,JC,0.726,JC
2017,KM,0.939,KM
2017,SM,0.861,SM
2017,SMF,0.848,SMF
2017,SS,0.826,SS
2017,SSM,0.875,SSM
2017,SSP,0.862,SSP
2017,SSR,0.847,SSR
2017,STF,0.800,STF
2017,STP,0.820,STP
2017,STR,0.830,STR
2017,STS,0.818,STS
2017,STU,0.831,STU
2017,STX,0.822,STX
2017,XP,0.892,XP
2018,AM,1.000,AM
2018,AS,0.814,AS
2018,ASP,0.848,ASP
2018,BM,0.956,BM
2018,BP,0.860,BP
2018,BS,0.808,BS
2018,BSP,0.846,BSP
2018,CAM-C,0.816,CAM-C
2018,CAM-S,0.831,CAM-S
2018,CAM-T,0.807,CAM-T
2018,CM,0.890,CM
2018,CP,0.847,CP
2018,CS,0.805,CS
2018,CSP,0.857,CSP
2018,DM,0.895,DM
2018,DP,0.858,DP
2018,DS,0.794,DS
2018,DSP,0.835,DSP
2018,EM,0.894,EM
2018,EP,0.850,EP
2018,ES,0.787,ES
2018,ESP,0.828,ESP
2018,FM,0.904,FM
2018,FP,0.863,FP
2018,FS,0.797,FS
2018,FSAE,0.958,FSAE
2018,FSP,0.819,FSP
2018,GS,0.786,GS
2018,HCR,0.812,HCR
2018,HCS,0.791,HCS
2018,HS,0.781,HS
2018,JA,0.855,JA
2018,JB,0.825,JB
2018,JC,0.718,JC
2018,KM,0.928,KM
2018,SM,0.853,SM
2018,SMF,0.839,SMF
2018,SS,0.817,SS
2018,SSC,0.806,SSC
2018,SSM,0.871,SSM
2018,SSP,0.852,SSP
2018,SSR,0.838,SSR
2018,STH,0.811,STH
2018,STP,0.815,STP
2018,STR,0.823,STR
2018,STS,0.810,STS
2018,STU,0.824,STU
2018,STX,0.813,STX
2018,XP,0.884,XP
2019,AM,1.000,AM
2019,AS,0.817,AS
2019,ASP,0.850,ASP
2019,BM,0.960,BM
2019,BP,0.865,BP
2019,BS,0.810,BS
2019,BSP,0.851,BSP
2019,CAM-C,0.820,CAM-C
2019,CAM-S,0.833,CAM-S
2019,CAM-T,0.812,CAM-T
2019,CM,0.891,CM
2019,CP,0.848,CP
2019,CS,0.809,CS
2019,CSP,0.857,CSP
2019,DM,0.895,DM
2019,DP,0.858,DP
2019,DS,0.800,DS
2019,DSP,0.840,DSP
2019,EM,0.894,EM
2019,EP,0.849,EP
2019,ES,0.789,ES
2019,ESP,0.836,ESP
2019,FM,0.907,FM
2019,FP,0.863,FP
2019,FS,0.803,FS
2019,FSAE,0.962,FSAE
2019,FSP,0.824,FSP
2019,GS,0.788,GS
2019,HCR,0.814,HCR
2019,HCS,0.793,HCS
2019,HS,0.780,HS
2019,JA,0.856,JA
2019,JB,0.822,JB
2019,JC,0.718,JC
2019,KM,0.930,KM
2019,SM,0.855,SM
2019,SMF,0.841,SMF
2019,SS,0.821,SS
2019,SSC,0.801,SSC
2019,SSM,0.875,SSM
2019,SSP,0.853,SSP
2019,SSR,0.843,SSR
2019,STH,0.813,STH
2019,STR,0.827,STR
2019,STS,0.811,STS
2019,STU,0.828,STU
2019,STX,0.815,STX
2019,XP,0.885,XP
2020,AM,1.000,AM
2020,AS,0.819,AS
2020,ASP,0.849,ASP
2020,BM,0.962,BM
2020,BP,0.867,BP
2020,BS,0.814,BS
2020,BSP,0.852,BSP
2020,CAM-C,0.818,CAM-C
2020,CAM-S,0.833,CAM-S
2020,CAM-T,0.817,CAM-T
2020,CM,0.893,CM
2020,CP,0.851,CP
2020,CS,0.809,CS
2020,CSP,0.865,CSP
2020,DM,0.895,DM
2020,DP,0.866,DP
2020,DS,0.806,DS
2020,DSP,0.842,DSP
2020,EM,0.896,EM
2020,EP,0.850,EP
2020,ES,0.793,ES
2020,ESP,0.839,ESP
2020,EV,0.824,EV
2020,FM,0.911,FM
2020,FP,0.868,FP
2020,FS,0.804,FS
2020,FSAE,0.963,FSAE
2020,FSP,0.823,FSP
2020,GS,0.792,GS
2020,HCR,0.815,HCR
2020,HCS,0.794,HCS
2020,HS,0.780,HS
2020,JA,0.855,JA
2020,JB,0.820,JB
2020,JC,0.718,JC
2020,KM,0.930,KM
2020,SM,0.854,SM
2020,SMF,0.841,SMF
2020,SS,0.822,SS
2020,SSC,0.805,SSC
2020,SSM,0.875,SSM
2020,SSP,0.853,SSP
2020,SSR,0.843,SSR
2020,STH,0.813,STH
2020,STR,0.827,STR
2020,STS,0.812,STS
2020,STU,0.828,STU
2020,STX,0.816,STX
2020,XP,0.880,XP
2020,XS-A,0.844,XS-A
2020,XS-B,0.864,XS-B
2021,AM,1.000,AM
2021,AS,0.821,AS
2021,ASP,0.849,ASP
2021,BM,0.962,BM
2021,BP,0.867,BP
2021,BS,0.814,BS
2021,BSP,0.852,BSP
2021,CAM-C,0.818,CAM-C
2021,CAM-S,0.835,CAM-S
2021,CAM-T,0.817,CAM-T
2021,CM,0.893,CM
2021,CP,0.851,CP
2021,CS,0.809,CS
2021,CSP,0.865,CSP
2021,DM,0.895,DM
2021,DP,0.866,DP
2021,DS,0.807,DS
2021,DSP,0.842,DSP
2021,EM,0.898,EM
2021,EP,0.850,EP
2021,ES,0.793,ES
2021,ESP,0.839,ESP
2021,EV,0.826,EV
2021,FM,0.911,FM
2021,FP,0.871,FP
2021,FS,0.806,FS
2021,FSAE,0.963,FSAE
2021,FSP,0.825,FSP
2021,GS,0.794,GS
2021,HCR,0.815,HCR
2021,HCS,0.795,HCS
2021,HS,0.782,HS
2021,JA,0.855,JA
2021,JB,0.820,JB
2021,JC,0.718,JC
2021,KM,0.930,KM
2021,SM,0.856,SM
2021,SMF,0.841,SMF
2021,SS,0.823,SS
2021,SSC,0.812,SSC
2021,SSM,0.875,SSM
2021,SSP,0.853,SSP
2021,SSR,0.843,SSR
2021,STH,0.813,STH
2021,STR,0.827,STR
2021,STS,0.811,STS
2021,STU,0.828,STU
2021,STX,0.816,STX
2021,XP,0.882,XP
2021,XS-A,0.846,XS-A
2021,XS-B,0.858,XS-B
2022,AM,1.000,AM
2022,AS,0.821,AS
2022,ASP,0.849,ASP
2022,BM,0.988,BM
2022,BP,0.867,BP
2022,BS,0.818,BS
2022,BSP,0.852,BSP
2022,CAM-C,0.819,CAM-C
2022,CAM-S,0.838,CAM-S
2022,CAM-T,0.816,CAM-T
2022,CM,0.895,CM
2022,CP,0.854,CP
2022,CS,0.810,CS
2022,CSP,0.864,CSP
2022,DM,0.898,DM
2022,DP,0.865,DP
2022,DS,0.807,DS
2022,DSP,0.844,DSP
2022,EM,0.909,EM
2022,EP,0.850,EP
2022,ES,0.792,ES
2022,ESP,0.840,ESP
2022,EV,0.835,EV
2022,FM,0.908,FM
2022,FP,0.874,FP
2022,FS,0.814,FS
2022,FSAE,0.989,FSAE
2022,FSP,0.824,FSP
2022,GS,0.794,GS
2022,HCR,0.815,HCR
2022,HCS,0.793,HCS
2022,HS,0.786,HS
2022,KM,0.931,KM
2022,SM,0.868,SM
2022,SMF,0.845,SMF
2022,SS,0.830,SS
2022,SSC,0.809,SSC
2022,SSM,0.883,SSM
2022,SSP,0.853,SSP
2022,SSR,0.846,SSR
2022,SST,0.841,SST
2022,STH,0.812,STH
2022,STR,0.828,STR
2022,STS,0.813,STS
2022,STU,0.829,STU
2022,STX,0.817,STX
2022,XP,0.885,XP
2022,XS-A,0.842,XS-A
2022,XS-B,0.851,XS-B
2023,AM,1.000,AM
2023,AS,0.823,AS
2023,BM,0.980,BM
2023,BS,0.818,BS
2023,CAM-C,0.827,CAM-C
2023,CAM-S,0.845,CAM-S
2023,CAM-T,0.819,CAM-T
2023,CM,0.896,CM
2023,CP,0.858,CP
2023,CS,0.811,CS
2023,CSP,0.860,CSP
2023,DM,0.898,DM
2023,DP,0.865,DP
2023,DS,0.808,DS
2023,DSP,0.844,DSP
2023,EM,0.911,EM
2023,EP,0.856,EP
2023,ES,0.792,ES
2023,ESP,0.840,ESP
2023,EVX,0.832,EVX
2023,FM,0.914,FM
2023,FP,0.877,FP
2023,FS,0.813,FS
2023,FSAE,0.981,FSAE
2023,FSP,0.828,FSP
2023,GS,0.794,GS
2023,HCR,0.815,HCR
2023,HCS,0.793,HCS
2023,HS,0.786,HS
2023,KM,0.933,KM
2023,SM,0.868,SM
2023,SMF,0.847,SMF
2023,SS,0.833,SS
2023,SSC,0.807,SSC
2023,SSM,0.879,SSM
2023,SSP,0.855,SSP
2023,SSR,0.846,SSR
2023,SST,0.837,SST
2023,STH,0.812,STH
2023,STR,0.831,STR
2023,STS,0.814,STS
2023,STU,0.830,STU
2023,STX,0.817,STX
2023,XA,0.842,XA
2023,XB,0.848,XB
2023,XP,0.884,XP
2023,XS,0.851,XS
2024,AM,1.000,AM
2024,AS,0.824,AS
2024,BM,0.978,BM
2024,BS,0.818,BS
2024,CAM-C,0.826,CAM-C
2024,CAM-S,0.848,CAM-S
2024,CAM-T,0.820,CAM-T
2024,CM,0.898,CM
2024,CP,0.856,CP
2024,CS,0.813,CS
2024,CSM,0.808,CSM
2024,CSP,0.860,CSP
2024,CSX,0.811,CSX
2024,DM,0.904,DM
2024,DP,0.865,DP
2024,DS,0.810,DS
2024,DSP,0.847,DSP
2024,EM,0.910,EM
2024,EP,0.858,EP
2024,ES,0.792,ES
2024,ESP,0.840,ESP
2024,EVX,0.834,EVX
2024,FM,0.917,FM
2024,FP,0.877,FP
2024,FS,0.814,FS
2024,FSAE,0.980,FSAE
2024,FSP,0.831,FSP
2024,GS,0.796,GS
2024,HCR,0.815,HCR
2024,HCS,0.793,HCS
2024,HS,0.786,HS
2024,KM,0.937,KM
2024,SM,0.868,SM
2024,SMF,0.850,SMF
2024,SS,0.835,SS
2024,SSC,0.805,SSC
2024,SSM,0.879,SSM
2024,SSP,0.857,SSP
2024,SST,0.836,SST
2024,STH,0.812,STH
2024,STR,0.832,STR
2024,STS,0.816,STS
2024,STU,0.833,STU
2024,STX,0.819,STX
2024,XA,0.844,XA
2024,XB,0.849,XB
2024,XP,0.887,XP
2024,XU,0.869,XU
2025,AM,1.000,AM
2025,AS,0.826,AS
2025,ASP,0.851,ASP
2025,AST,0.834,AST(STR)
2025,BM,0.978,BM
2025,BP,0.874,BP
2025,BS,0.819,BS
2025,BSP,0.855,BSP
2025,BST,0.833,BST(STU)
2025,CAM-C,0.825,CAM-C
2025,CAM-S,0.844,CAM-S
2025,CAM-T,0.821,CAM-T
2025,CM,0.899,CM
2025,CP,0.863,CP
2025,CS,0.813,CS
2025,CSM,0.800,CSM
2025,CSP,0.859,CSP
2025,CST,0.830,CST
2025,CSX,0.803,CSX
2025,DM,0.906,DM
2025,DP,0.865,DP
2025,DS,0.811,DS
2025,DSP,0.847,DSP
2025,DST,0.818,DST(STX)
2025,EM,0.916,EM
2025,EP,0.858,EP
2025,ES,0.790,ES
2025,ESP,0.840,ESP
2025,EST,0.815,EST(STS)
2025,EVX,0.839,EVX
2025,FM,0.917,FM
2025,FP,0.877,FP
2025,FS,0.817,FS
2025,FSAE,0.980,FSAE
2025,FSP,0.831,FSP
2025,GS,0.794,GS
2025,GST,0.810,GST(STH)
2025,HCR,0.814,HCR
2025,HCS,0.789,HCS
2025,HS,0.784,HS
2025,KM,0.937,KM
2025,SM,0.868,SM
2025,SMF,0.850,SMF
2025,SS,0.836,SS
2025,SSC,0.802,SSC
2025,SSM,0.878,SSM
2025,SSP,0.857,SSP
2025,SST,0.837,SST
2025,XA,0.846,XA
2025,XB,0.848,XB
2025,XP,0.890,XP
2025,XU,0.869,XU
2026,AM,1.000,AM
2026,AS,0.830,AS
2026,ASP,0.852,ASP
2026,AST,0.836,AST(STR)
2026,BM,0.966,BM
2026,BP,0.875,BP
2026,BS,0.823,BS
2026,BSP,0.856,BSP
2026,BST,0.835,BST(STU)
2026,CAM-C,0.828,CAM-C
2026,CAM-S,0.847,CAM-S
2026,CAM-T,0.819,CAM-T
2026,CM,0.896,CM
2026,CP,0.862,CP
2026,CS,0.814,CS
2026,CSM,0.794,CSM
2026,CSP,0.858,CSP
2026,CST,0.829,CST
2026,CSX,0.803,CSX
2026,DM,0.906,DM
2026,DP,0.863,DP
2026,DS,0.811,DS
2026,DSP,0.854,DSP
2026,DST,0.820,DST(STX)
2026,EM,0.916,EM
2026,EP,0.855,EP
2026,ES,0.788,ES
2026,ESP,0.842,ESP
2026,EST,0.815,EST(STS)
2026,EVX,0.839,EVX
2026,FM,0.917,FM
2026,FP,0.877,FP
2026,FS,0.817,FS
2026,FSAE,0.965,FSAE
2026,FSP,0.833,FSP
2026,GS,0.809,GS
2026,GST,0.812,GST(STH)
2026,HCR,0.813,HCR
2026,HCS,0.789,HCS
2026,HS,0.780,HS
2026,KM,0.936,KM
2026,SM,0.870,SM
2026,SMF,0.857,SMF
2026,SS,0.840,SS
2026,SSC,0.808,SSC
2026,SSM,0.878,SSM
2026,SSP,0.860,SSP
2026,SST,0.838,SST
2026,XA,0.861,XA
2026,XB,0.859,XB
2026,XP,0.892,XP
2026,XU,0.872,XU
