year,url,page_last_update,retrieved_at,sha256
1995,https://www.solotime.info/pax/rtp1995.html,1995-05-31,2026-10-01T08:09:38Z,44d9cc377966cece73c0ba123e48afbe0599a88a122f8e9556e8a3d54b7e3abc
1996,https://www.solotime.info/pax/rtp1996.html,1996-02-18,2026-10-01T08:09:48Z,90b4e77e693ba2fb2b794c16d9702c51de8ea0e78fee7b9dcd4ba47b4d33941c
1997,https://www.solotime.info/pax/rtp1997.html,1997-02-04,2026-10-01T08:09:58Z,6bff43a174fecce1a46251ca6a30bafd5e9aa512cada922fd4617f20c054db9a
1998,https://www.solotime.info/pax/rtp1998.html,1997-12-17,2026-10-01T08:10:08Z,c64fde130ee05c78b0a8b7b1e08bb76e8c98feb3d328eecb08481df7ebfee7c7
1999,https://www.solotime.info/pax/rtp1999.html,1999-03-09,2026-10-01T08:10:18Z,3facd489e58d816b22e3791ce989829ded3e5dce50da7f375df0e59f90a6b1d9
2000,https://www.solotime.info/pax/rtp2000.html,2000-01-09,2026-10-01T08:10:28Z,a48d2fc6d1ac2bc91ec83a7734a96e07cb401b209b72765b9126fbb1da52087f
2001,https://www.solotime.info/pax/rtp2001.html,2001-01-09,2026-10-01T08:10:38Z,2220cd5f50138a8903a2e2e100a0f4848e9c815498bf62e2949e107b022143bd
2002,https://www.solotime.info/pax/rtp2002.html,2001-12-20,2026-10-01T08:10:48Z,ef39932b9b456108adcab48dc61a64a86c1e6747aead7ba25719c1d50fb7cc61
2003,https://www.solotime.info/pax/rtp2003.html,2002-11-01,2026-10-01T08:10:58Z,72d6b6d3cc6edee98cf182937891ced6d13991266409085af66cc4e208404047
2004,https://www.solotime.info/pax/rtp2004.html,2004-02-19,2026-10-01T08:11:08Z,1a3599fbca66b92aec7cc494136f5e227edfad69f4795402429ed95e5ae435fb
2005,https://www.solotime.info/pax/rtp2005.html,2004-11-24,2026-10-01T08:11:18Z,62d9025c581e315b12baf5256cde1b98562e660807a2cfe00175d1e136ef7f63
2006,https://www.solotime.info/pax/rtp2006.html,2005-12-06,2026-10-01T08:11:28Z,8aace50f2d151e14acec84dde12349becd41d29d9cf2210cdca0db0bd6019fbf
2007,https://www.solotime.info/pax/rtp2007.html,2006-11-21,2026-10-01T08:11:38Z,e9d123939f6cdb287630f5f7c7101e1524f7ad6d7f779d345e4846d93eab98dc
2008,https://www.solotime.info/pax/rtp2008.html,2007-11-16,2026-10-01T08:11:48Z,21bab7a2a9143ecc5c9a0c17008f96929dcc245c1b3cfcef4e997f0b015135f3
2009,https://www.solotime.info/pax/rtp2009.html,2008-11-14,2026-10-01T08:11:58Z,a885261cf6536933e2554fac8a098048d8f7607ee4209f44bb4e97a08cafa804
2010,https://www.solotime.info/pax/rtp2010.html,2009-11-13,2026-10-01T08:12:08Z,fc0bce39426862957f8c7aee58bfe773b441d5b0fda7136d8bace253bd8e3e6a
2011,https://www.solotime.info/pax/rtp2011.html,2010-11-12,2026-10-01T08:12:18Z,dd519edf7612801e7ddf2db578532d9ee01ab5324397807e7365f7b9b9a938dd
2012,https://www.solotime.info/pax/rtp2012.html,2011-12-05,2026-10-01T08:12:28Z,2a012747a808e4fecb6902723bc66b2506ba024fb55d92850f2a2c56f7ab133d
2013,https://www.solotime.info/pax/rtp2013.html,2012-11-16,2026-10-01T08:12:38Z,88151e7692e049768b31d02a5dd5408e9dc8913e42fe34f853c06d4d27217ec1
2014,https://www.solotime.info/pax/rtp2014.html,2013-11-22,2026-10-01T08:12:48Z,57b39eae828f27720d041d9c262f7e883f7a72dba6826199d5d11fc135980250
2015,https://www.solotime.info/pax/rtp2015.html,2014-12-15,2026-10-01T08:12:58Z,8d5a355ff4015c830764acf3267cf02d46db5278f91ad0636453161130c34558
2016,https://www.solotime.info/pax/rtp2016.html,2015-11-20,2026-10-01T08:13:08Z,aee0d2b2ff9526a46f57146ec5249b155b2243e099a1838da83ae9827ed50907
2017,https://www.solotime.info/pax/rtp2017.html,2016-11-18,2026-10-01T08:13:18Z,ccc1a7261b2df341ad1777e609238ef5b9c8d1ea5fece860f8d26c8758dd95d2
2018,https://www.solotime.info/pax/rtp2018.html,2017-11-17,2026-10-01T08:13:28Z,1a42d58ca8525b429313fb5eedcca17276efb025a50c99da51c9491099c1ccc2
2019,https://www.solotime.info/pax/rtp2019.html,2018-11-16,2026-10-01T08:13:38Z,d276da82ec0fb75ed6b3ff43963c37365f4ff85867eac6bc7799f474d7e34387
2020,https://www.solotime.info/pax/rtp2020.html,2020-06-11,2026-10-01T08:13:48Z,14dfe88845a01f1a562ccd246ac5414be7eeb7bf4dc6c5ce9974304e61e477fb
2021,https://www.solotime.info/pax/rtp2021.html,2021-01-13,2026-10-01T08:13:58Z,a10b43ea08fc15422fbe26fc4b4b504998cebafa31233ac37dc261c51cd9e79e
2022,https://www.solotime.info/pax/rtp2022.html,2021-12-09,2026-10-01T08:14:08Z,d7738e9c510483a7d516f6b11d3db1fd5c5e9e639bd0736ca7e12f07e5e977a9
2023,https://www.solotime.info/pax/rtp2023.html,2022-12-25,2026-10-01T08:14:18Z,4a91eecd52fbd47c4ae3a2a1cc506d8b97cfe88d6837d32e14b5a0bd78886ddc
2024,https://www.solotime.info/pax/rtp2024.html,2023-12-20,2026-10-01T08:14:28Z,6b3a9b9f93c26bea83ef8f5f679d4dede17b26cc4f016b14f50e0231787aeb7e
2025,https://www.solotime.info/pax/rtp2025.html,2025-01-14,2026-10-01T08:14:38Z,fb2603eecbf4e3d6c38fc81d6a8ce3722c3a1623974b45192e59922fcd701a72
2026,https://www.solotime.info/pax/,2026-03-20,2026-10-01T08:09:28Z,f5fea53b5e25081a3187985e942c0ad9ac1f10afad4503aea5230662d92f6142
